Business Name,Website
California Air Conditioning Systems,https://www.californiaac.com/preventativemaintenance.php
"California Heating and Cooling, Inc.",https://www.californiahc.com/
Airplus of California Inc.,https://www.callairplus.com/?utm_source=google+business+listing+&utm_medium=organic&utm_campaign=website+button
NexGen HVAC & Plumbing,https://nexgenairandplumbing.com/locations/anaheim/?utm_campaign=gmb-listing-anaheim&utm_source=google&utm_medium=organic
California Heat Air Conditioning,http://californiaheatac.com/
American AC Heat Plumbing,https://americanairconditioning.com/?utm_source=google&utm_medium=organic&utm_campaign=google-business-profile&utm_content=website
California HVAC,http://californiahvac.net/
Balanced Comfort,https://www.balancedcomfort.com/?utm_campaign=gmb
ARMS Air Conditioning And Heating,https://www.armsac.com/
"California Indoor Comfort, Inc.",https://calindoorcomfort.com/
"Tyndall HVAC, Inc",https://www.tyndallhvac.com/
Performance Based Heating And Air,https://performancebasedheatingandair.com/contact-us/
"Lee's Air, Plumbing, & Heating",https://leesair.com/
CALCOMS Air Conditioning And Heating,http://www.calcoms.com/
So Cal Air,http://www.socalair.co/
Central California Air Inc.,https://centralcaliforniaair.com/?utm_source=google&utm_medium=organic&utm_campaign=gbp-profile
Air Blue HVAC,https://airblueoc.com/
"Sierra Pacific Home & Comfort, Inc.",https://www.sierrapacifichome.com/?utm_source=gbp&utm_medium=organic
California Mechanical Heating and Air Inc,http://californiamech.com/
Service Champions Heating & Air Conditioning,https://www.servicechampions.net/cities-we-serve/martinez-hvac?utm_source=gbp&utm_medium=organic&utm_campaign=MZ_GBP
"Valley Air Conditioning & Repair, Inc.",https://valleyairrepair.com/?utm_source=google&utm_medium=organic&utm_campaign=gbp
"JW Plumbing, Heating and Air",https://jwheatingandair.com/?utm_source=google&utm_medium=gmb&utm_campaign=JWA_INT-%20GMB%20LA=Google%20My%20Business%20-%20Clicked%20to%20Website
Jaguar Heating & Air,https://www.jaguarheatingandair.com/
"Fuse HVAC, Refrigeration, Electrical & Plumbing",http://fuseservice.com/
AIS Heating & Air Conditioning,https://aisheatingandair.com/?utm_source=GMB&utm_medium=organic&utm_campaign=GMB-Fremont-CA
"Hassler Heating and Air Conditioning, LLC",https://www.hasslerheating.com/?utm_source=GMB&utm_medium=organic&utm_campaign=GMBsite
Kahn Air Conditioning,https://www.kahnair.com/?utm_source=GMB&utm_medium=organic
California Comfort Heating & Air Conditioning,https://comfortheatandair.com/
"AC Cool, Inc.",https://www.accool.net/
Honey's Air & Solar,https://honeysair.com/
"5 Star Heating and Air Conditioning, Inc.",http://5starairinc.com/
Clean Air HVAC INC,https://www.cahvac.com/
Pacific Coast Heating and Air,https://pacificcoastheatingandair.com/
Service Champions Heating & Air Conditioning,https://www.servicechampions.net/cities-we-serve/san-jose-hvac?utm_source=gbp&utm_medium=organic&utm_campaign=SJ_GBP
Air Tech 24 Heating and Air Conditioning,https://airtech24.com/
"Altamont Heating and Cooling, Inc.",http://www.altamontheatingandcooling.com/
Los Angeles Air Department,https://www.americanairandheating.com/
Silicon Valley Comfort,https://www.air.systems/24-hour-hvac-repair-in-san-jose/
Cooling & Heating Repair,https://coolingandheat.com/
Air Care Heating & Cooling Inc.,https://www.aircareheatandcool.com/?utm_source=gmb-listing&utm_medium=organic&utm_campaign=website--button
Aire Serv of The Gold Country,https://www.aireserv.com/gold-country/?cid=LSTL_ASV-US000187&utm_source=gmb&utm_campaign=local&utm_medium=organic
California Express Heating And Air,https://www.californiaexpressha.com/
Cool Air Tech Air Conditioning & Heating,https://www.cool-air-tech.com/
Southern California Air Conditioning Supply Co.,http://www.socalac.com/
Calif Heating and Air conditioning,http://califservice.com/
"Balanced Comfort Cooling, Heating & Plumbing",https://balancedcomfort.com/
1 Call Heating & Air,http://1callac.com/
"Temp Pro-Air Conditioning, Heating, & Refrigeration",http://www.fresnohvacrepair.com/
So Cal Plumbing Heating & Air Conditioning,https://socalphac.com/
TOP AC Inc LA Air Conditioning Contractors,https://www.top-ac.com/
Same Day Air Conditioning & Heating,http://www.samedayhvacsunnyvale.com/
California Comfort HVAC,http://californiacomforthvac.com/
San Jose Heating & Cooling,https://sanjoseheatandcooling.com/
California A/C Heating Refrigeration,https://www.acandheatrepairs.com/
Bay Area Climate Control,http://www.bayareaclimatecontrol.com/
Method HVAC Services,http://methodnorcal.com/
One Hour Heating & Air Conditioning,https://www.onehourheatandair.com/southbay/?utm_source=GMB&utm_medium=organic&utm_campaign=gbp_main
"Energy Smart Engineering in Fresno, California",https://energysmartair.com/
Economy HVAC INC,https://economyhvac.net/
LC Heating & Air Conditioning,https://lahvaclc.com/
Fresh Air Conditioning & Heating,https://freshairconditioningheating.com/
San Diego Air Comfort Heating & Air Conditioning,https://sandiegoaircomfort.com/
Same Day Air Conditioning & Heating,http://www.hvacsanfrancisco.com/
"American HVAC, Inc.",https://www.americanhvacinc.com/
Coaches HVAC ExtraordinAIR,http://www.coacheshvac.com/
California Energy Services,https://cespro.net/
Authority Heating & Air Conditioning,https://authorityheatingandair.com/
HVAC Contractor - American Cool and Heat,https://americancoolandheat.com/
World HVAC Service,https://www.worldhvacservice.com/
Hella Comfort Heating & Air,http://www.hellacomfortair.com/
Royalty Heating & Air,https://www.royaltyheatingair.com/?utm_source=google&utm_medium=organic&utm_campaign=gbp
CaliforniAir Heating and Air Conditioning,https://californiairheatingandac.com/
HVAC of Los Angeles,https://hvac-of-los-angeles.ueniweb.com/?utm_campaign=gmb
HVAC Cupertino California,https://www.hvaccupertino.com/
All Heating & Air Conditioning,http://www.allheatingandairconditioning.com/
Valley Air Pro Llc.,https://valleyairpro.com/
Pacific Heating & Air Conditioning,https://airconditioningrepairqueens.com/
Cal-Air Heating & Cooling,http://www.cal-air.com/
Big Air Heating & Air Conditioning,https://www.bigairheatac.com/
Local HVAC Expert Services,http://local-hvac-expert.com/
Price Air HVAC,http://www.priceairhvac.com/
American Air Cooling & Heating,http://www.acservicenyc.com/
AdamEck HVAC,https://www.adameckhvac.com/
Universal Heating & Air,https://universalhvaclosangeles.com/
The Air Doctor - Heating and Air,http://www.theairdoctorheatingandair.com/
"A/C Control, Inc",https://ac-control.com/?id=maps
All In Heating & Cooling,http://allinheatingandcooling.com/
Aloha Heating & Cooling,https://airataloha.com/
LA CONSTRUCTION HEATING AND AIR,https://www.laheatingairconditioning.com/
Connolly Heating and Air Conditioning,https://www.connollyhvac.com/
Yourk Heating & Air Conditioning,https://yourkac.com/
"North HVAC Services, Inc Heating & Air Conditioning",http://northhvacservices.com/
Evergreen Air Hvac,http://evergreenairhvac.com/
Connolly Heating and Air Conditioning,https://www.connollyhvac.com/
Atlas Heating and Air Conditioning,http://www.atlasheating.com/
California Heating,https://www.caheat.com/?utm_source=google&utm_medium=organic&utm_campaign=gbp
HVAC San Diego King,https://topcoolingguys.com/
Hawk Heating & Air Conditioning,https://www.hawkair.org/
DG Heating & Air Conditioning,https://www.dgheatingandair.com/
Sandium Heating and Air Conditioning,https://sandium.com/
Hot & Cold HVAC,https://www.hotcoldhvac.com/
The HVAC Guys,https://www.the-hvacguys.com/
"DEGREE HVAC, Inc.",https://degreehvac.com/
HVAC Palo Alto California,https://www.hvacpaloaltoca.com/
AirZen AC,https://airzen.ac/
R S Heating and Cooling,https://www.rsheatingcoolingfresno.com/
Workingostrich,http://www.workingostrich.com/
Workingnotworking,https://workingnotworking.com/
Workingclassmarketing,http://www.workingclassmarketing.com/
Workhorsemkt,http://www.workhorsemkt.com/
Workforcewise,http://www.workforcewise.co/
Workcog,http://www.workcog.com/
Workbox,http://www.workbox.com/
Wordtreecommunications,http://www.wordtreecommunications.com
Wordnerdservices,http://www.wordnerdservices.com/
Woodshackcreative,http://www.woodshackcreative.com
Woodridgesoftware,http://www.woodridgesoftware.com
Woodpersonnel,https://www.woodpersonnel.com/
Woodcoconsulting,http://www.woodcoconsulting.com
Woodandcompany,http://www.woodandcompany.com/
Wonderwebcreative,http://www.wonderwebcreative.com/
Wonderkindco,http://www.wonderkindco.co/
Wonderboycreative,http://www.wonderboycreative.com/
Womenscyberjutsu,http://www.womenscyberjutsu.org/
Wolfmedia,http://www.wolfmedia.us/
Woadigital,http://www.woadigital.com
Wmiworldwide,http://www.wmiworldwide.com
Wlcr,http://www.wlcr.io/
Wjg-Media,http://www.wjg-media.com
Wizewebz,http://www.wizewebz.com/
Wizbord,http://www.wizbord.com/
Wittobriens,http://www.wittobriens.com/
Wittkieffer,https://wittkieffer.com/contact
Witdelivers,http://www.witdelivers.com
Witandmind,http://www.witandmind.com/
Wiseskulls,https://www.wiseskulls.com/
Wisemen,http://www.wisemen.com/
Wisconsincountrystaffing,https://www.wisconsincountrystaffing.com/
Wireinnovation,http://www.wireinnovation.com/
Wiredmustang,http://www.wiredmustang.com
Wiredhivetech,http://www.wiredhivetech.com/
Wiredbrains,http://www.wiredbrains.io
Winterholben,http://www.winterholben.com/
Winsbyinc,http://www.winsbyinc.com
Wingsunlimited,http://www.wingsunlimited.net/
Windmillstrategy,http://www.windmillstrategy.com/
Winbigmedia,http://www.winbigmedia.com
Wilsonassociates,http://www.wilsonassociates.com/
Wilsonart,http://www.wilsonart.com/
Willreed,https://www.willreed.com/
Willowmarketing,http://www.willowmarketing.com/
Williamsmcbride,http://www.williamsmcbride.com/
Williamsmarston,http://www.williamsmarston.com
Wildwoodstory,http://www.wildwoodstory.com
Wildwomnhaus,http://www.wildwomnhaus.com/
Wildmintmedia,http://www.wildmintmedia.com/
Wildmarketinggroup,http://www.wildmarketinggroup.com/
Wildfirecreative,http://www.wildfirecreative.studio/
Wildebee,http://www.wildebee.st/
Wigwamcreative,http://www.wigwamcreative.com
Wideout,https://www.wideout.com/
Widenetconsulting,http://www.widenetconsulting.com/
Wickfire,http://www.wickfire.com/
Wickcreative,http://www.wickcreative.com
Whyelevate,http://www.whyelevate.com
Whostaffing,https://www.whostaffing.com/
Whitewhaleweb,http://www.whitewhaleweb.com/
Whiteunicornagency,http://www.whiteunicornagency.com/
Whitepeak,http://www.whitepeak.io/
Whitefusion,http://www.whitefusion.studio/
Whitefoxcreative,http://www.whitefoxcreative.com/
Whitedotdesign,http://www.whitedotdesign.com/
Whitebox,http://www.whitebox.marketing/
Whiteboardps,http://www.whiteboardps.com/
Whistlerpartners,https://www.whistlerpartners.com/home-page
Whippetcreative,http://www.whippetcreative.com/
Whimsocial,http://www.whimsocial.com
Whereoware,http://www.whereoware.com/
Wheeltosea,http://www.wheeltosea.com/
Wheelersp,http://www.wheelersp.com/
Whatarmy,http://www.whatarmy.com
Whalar,http://www.whalar.com/
Westportone,https://www.westportone.com/
Westmountsearch,http://www.westmountsearch.com
Westemporia,http://www.westemporia.com/
Westagilelabs,http://www.westagilelabs.com/
Wesselsdesign,http://www.wesselsdesign.com/
Wessan,http://www.wessan.com/
Wesolvemarketing,http://www.wesolvemarketing.com
Werremeyer,http://www.werremeyer.com/
Werecruit-Us,http://www.werecruit-us.com/
Werbenhr,http://www.werbenhr.com/
Wepala,http://www.wepala.com
Wendylewisco,http://www.wendylewisco.com
Welovesalt,http://www.welovesalt.com/
Welltold,http://www.welltold.co/
Wellostudio,http://www.wellostudio.com/
Wellaware,http://www.wellaware.us/
Welchsign,http://www.welchsign.com/
Weidops,http://www.weidops.com/
Wehiresolutions,https://wehiresolutions.com/
Wecslabs,http://www.wecslabs.com
Webzstore,http://www.webzstore.com/
Webvolta,http://www.webvolta.com/
Webuildbridges,http://www.webuildbridges.co/
Webtarimedia,http://www.webtarimedia.com/
Webstract,http://www.webstract.com/
Websterdigitalmarketing,http://www.websterdigitalmarketing.com/
Websitesthatworkusa,http://www.websitesthatworkusa.com
Websiteshark,http://www.websiteshark.com/
Websitedesignerdenver,http://www.websitedesignerdenver.com
Websitecenter,http://www.websitecenter.com/
Websightdesign,http://www.websightdesign.com/
Webninjaz,http://www.webninjaz.com/
Webmarket,http://www.webmarket.io/
Webive,http://www.webive.com/
Webintech,http://www.webintech.com
Webhorizonsgroup,http://www.webhorizonsgroup.com/
Webgrowth,http://www.webgrowth.io/
Webfor,http://www.webfor.com
Webenomic,http://www.webenomic.com/
Webenertia,http://www.webenertia.com/
Webdevelopmentdoneright,http://www.webdevelopmentdoneright.com/
Webdetail,http://www.webdetail.com/
Webdesignshop,http://www.webdesignshop.us/
Webdesignpilot,http://www.webdesignpilot.com/
Webdesignexperts,http://www.webdesignexperts.net/
Webdesigner,http://www.webdesigner.domains/
Webdesigncodes,http://www.webdesigncodes.com/
Webdesignatny,http://www.webdesignatny.com
Webcreek,http://www.webcreek.com/
Webchurn,http://www.webchurn.com/
Webbzie,http://www.webbzie.com/
Webbytemedia,http://www.webbytemedia.com
Webbycentral,http://www.webbycentral.com
Webbuggs,http://www.webbuggs.com/
Webatberkeley,http://www.webatberkeley.org/
Webact,http://www.webact.com
Web501,http://www.web501.com
Web-Mo,http://www.web-mo.com/
Weavy,http://www.weavy.com/
Wearewillful,http://www.wearewillful.agency
Wearewhitehat,http://www.wearewhitehat.com/
Wearevanish,http://www.wearevanish.com
Wearetrueline,http://www.wearetrueline.com/
Wearetribu,http://www.wearetribu.com/
Wearetmbr,http://www.wearetmbr.com/
Wearethirdear,http://www.wearethirdear.com/
Wearetg,http://www.wearetg.com/
Weareshop,http://www.weareshop.agency
Wearerounded,http://www.wearerounded.com
Wearepulse,http://www.wearepulse.com
Weareparliament,http://www.weareparliament.com/
Weareorbis,https://weareorbis.com/
Wearendm,http://www.wearendm.com
Weareignite,http://www.weareignite.group/
Wearehelmdigital,http://www.wearehelmdigital.com/
Wearegenuine,http://www.wearegenuine.com
Wearegenessee,http://www.wearegenessee.com
Wearefka,http://www.wearefka.com
Wearefixel,http://www.wearefixel.com/
Weareenvoy,http://www.weareenvoy.com
Wearedeux,http://www.wearedeux.com
Wearecsg,http://www.wearecsg.com
Wearecoop,http://www.wearecoop.ca
Wearecolossus,http://www.wearecolossus.com
Wearecodesign,http://www.wearecodesign.com/
Wearebill,http://www.wearebill.com
Wearebathtubgin,http://www.wearebathtubgin.com
Weareaspire,http://www.weareaspire.com/
Weare5050,http://www.weare5050.com/
We-Branding,http://www.we-branding.com
Wdgcolorado,http://www.wdgcolorado.com
Wdevs,http://www.wdevs.com
Wdesignboise,http://www.wdesignboise.com
Wdbmarketing,http://www.wdbmarketing.com
Wcmssolutions,http://www.wcmssolutions.com
Wccit,http://www.wccit.com
Waypointwriting,http://www.waypointwriting.com
Waypointcreative,http://www.waypointcreative.com/
Wayoutvisual,http://www.wayoutvisual.co
Waxcreek,http://www.waxcreek.com
Waverlytechnology,http://www.waverlytechnology.com/
Waverleysoftware,http://www.waverleysoftware.com/
Watson,http://www.watson.la/
Washtone,http://www.washtone.com
Warrendouglas,http://www.warrendouglas.com/
Warehouse21,http://www.warehouse21.com/
Wapiti,http://www.wapiti.digital/
Wandr,http://www.wandr.studio/
Wander,http://www.wander.com/
Wanddigital,http://www.wanddigital.com/
Wallyhood,http://www.wallyhood.com/
Walkersands,http://www.walkersands.com
Walker-Assoc,http://www.walker-assoc.com/
Wakecreative,http://www.wakecreative.com/
Wafisherinteractive,http://www.wafisherinteractive.com/
Wacom,http://www.wacom.com/
W3Global,https://www.w3global.com/
Vye,http://www.vye.agency/
Vupmedia,http://www.vupmedia.com
Vulcanconsulting,http://www.vulcanconsulting.com
Vulair,http://www.vulair.com/
Vukmultimedia,http://www.vukmultimedia.com/
Vudumarketing,http://www.vudumarketing.com/
Vtwebmarketing,http://www.vtwebmarketing.com/
Vsearchgroup,https://vsearchgroup.com/
Vreeland,http://www.vreeland.com/
Vpartners,http://www.vpartners.com/
Voxxymarketing,http://www.voxxymarketing.com/
Voxpopmarketing,http://www.voxpopmarketing.com/
Voxdigitalmarketing,http://www.voxdigitalmarketing.com/
Voxcreativeinc,http://www.voxcreativeinc.com/
Voryx,http://www.voryx.net/
Voomboom,http://www.voomboom.com/
Vonnda,http://www.vonnda.com/
Volusion,http://www.volusion.com/
Volt,http://www.volt.com/
Volanosoftware,http://www.volanosoftware.com/
Vogliomarketing,http://www.vogliomarketing.com/
Vococreative,http://www.vococreative.com
Vmgroupe,http://www.vmgroupe.com
Vm305,http://www.vm305.com
Vizwerks,http://www.vizwerks.com/
Vizion,http://www.vizion.com
Vivus,http://www.vivus.tech/
Vivifimedia,http://www.vivifimedia.com
Vividresourcing,https://vividresourcing.com/
Vividmktg,http://www.vividmktg.com
Vividimpact,http://www.vividimpact.com
Vividimagination,http://www.vividimagination.studio
Vitaminisgood,http://www.vitaminisgood.com
Vitalstorm,http://www.vitalstorm.com/
Visualmax,http://www.visualmax.com/
Visualhouse,http://www.visualhouse.com
Visual-Input,http://www.visual-input.com
Visiumresources,https://www.visiumresources.com/
Visionsfirst,http://www.visionsfirst.com/
Visionsearchpartners,http://www.visionsearchpartners.com/
Visionmix,http://www.visionmix.com/
Visionmarkusa,http://www.visionmarkusa.com
Visionforcemarketing,http://www.visionforcemarketing.com
Visioneerit,http://www.visioneerit.com
Visiondesigngroup,http://www.visiondesigngroup.com
Visionation,http://www.visionation.us
Visartech,http://www.visartech.com/
Virtualwarein,http://www.virtualwarein.com/
Virtualvision,http://www.virtualvision.com
Virtuallatinos,https://www.virtuallatinos.com/
Virtualbench,http://www.virtualbench.net/
Virtualassistanttalent,http://www.virtualassistanttalent.com/
Virayo,http://www.virayo.com/
Vip-Staffing,http://www.vip-staffing.com/
Vintti,https://vintti.com/
Vintagemarketing,http://www.vintagemarketing.com/
Vinesbrookshire,http://www.vinesbrookshire.com/
Vincit,http://www.vincit.com
Vimerseit,http://www.vimerseit.com/
Vimarc,http://www.vimarc.com
Vilocity,http://www.vilocity.com
Villadistrategies214,http://www.villadistrategies214.com/
Vikua,http://www.vikua.com/
Vikingcoders,http://www.vikingcoders.com/
Viget,http://www.viget.com
Vie,http://www.vie.media/
Videonarrative,http://www.videonarrative.com/
Vidagroupintl,http://www.vidagroupintl.com/
Victormarketing,http://www.victormarketing.com/
Viaoneservices,https://viaoneservices.com/
Viamarketing,http://www.viamarketing.net/
Via,http://www.via.studio
Vfairs,http://www.vfairs.com/
Vextras,http://www.vextras.com/
Vethgroup,http://www.vethgroup.com/
Veteransemployment,http://www.veteransemployment.net/
Veteranmediagroup,http://www.veteranmediagroup.com
Vesselstrategy,http://www.vesselstrategy.com
Vesseldm,http://www.vesseldm.com/
Vesahealth,http://www.vesahealth.com/
Verusdesign,http://www.verusdesign.org
Verticaldigital,http://www.verticaldigital.ca/
Vertical,http://www.vertical.is/
Vertekstaffing,https://www.vertekstaffing.com/
Versique,https://www.versique.com/
Versaconsultinggroup,http://www.versaconsultinggroup.com/
Verndale,http://www.verndale.com
Vermilion,http://www.vermilion.com
Veritasrecruitinggroup,http://www.veritasrecruitinggroup.com/
Veridianns,http://www.veridianns.com/
Verbmarketingpr,http://www.verbmarketingpr.com/
Veprof,http://www.veprof.com/
Venzmedia,http://www.venzmedia.com
Venturi-Group,https://www.venturi-group.com/
Venturetechllc,http://www.venturetechllc.com/
Venturedive,http://www.venturedive.com/
Venturecreativestudios,http://www.venturecreativestudios.com/
Ventrum,https://www.ventrum.com/
Venteon,http://www.venteon.com
Vensatechnologies,http://www.vensatechnologies.com
