Business Name,Website,Email,Alternate Email,Social
Airplus of California Inc.,https://www.callairplus.com/?utm_source=google+business+listing+&utm_medium=organic&utm_campaign=website+button,coop-unitfad-292x300@2x.webp,about-team-256x300@2x.webp,
Balanced Comfort,https://www.balancedcomfort.com/?utm_campaign=gmb,info@balancedcomfort.com,,
"California Indoor Comfort, Inc.",https://calindoorcomfort.com/,04-blog-transition-300x34@2x.avif,04-blog-transition-300x34@2x.webp,
"Tyndall HVAC, Inc",https://www.tyndallhvac.com/,tyndallhvac@gmail.com,,
CALCOMS Air Conditioning And Heating,http://www.calcoms.com/,info@calcoms.com,c183baa23371454f99f417f6616b724d@sentry.wixpress.com,
So Cal Air,http://www.socalair.co/,hello@socalair.co,,
Central California Air Inc.,https://centralcaliforniaair.com/?utm_source=google&utm_medium=organic&utm_campaign=gbp-profile,info@centralcaliforniaair.com,,
"Valley Air Conditioning & Repair, Inc.",https://valleyairrepair.com/?utm_source=google&utm_medium=organic&utm_campaign=gbp,info@valleyairrepair.com,,
"JW Plumbing, Heating and Air",https://jwheatingandair.com/?utm_source=google&utm_medium=gmb&utm_campaign=JWA_INT-%20GMB%20LA=Google%20My%20Business%20-%20Clicked%20to%20Website,info@adeedo.com,someone@example.com,
"Fuse HVAC, Refrigeration, Electrical & Plumbing",http://fuseservice.com/,five-stars@2x.webp,yelp@2x.webp,
AIS Heating & Air Conditioning,https://aisheatingandair.com/?utm_source=GMB&utm_medium=organic&utm_campaign=GMB-Fremont-CA,m-header-logo@3x.png.webp,m-landing-banner@3x.png.webp,
"AC Cool, Inc.",https://www.accool.net/,service@accol.net,,
"5 Star Heating and Air Conditioning, Inc.",http://5starairinc.com/,ryan@5starairinc.com,,
Pacific Coast Heating and Air,https://pacificcoastheatingandair.com/,scheduling@pchaa.com,,
Los Angeles Air Department,https://www.americanairandheating.com/,8c4075d5481d476e945486754f783364@sentry.io,customerservice@americanairandheating.com,
Silicon Valley Comfort,https://www.air.systems/24-hour-hvac-repair-in-san-jose/,new-school@air.systems,support@air.systems,
Air Care Heating & Cooling Inc.,https://www.aircareheatandcool.com/?utm_source=gmb-listing&utm_medium=organic&utm_campaign=website--button,about-300x281@2x.avif,ac_a_003-how-does-ac-work_4986128272-300x200@2x.avif,
Cool Air Tech Air Conditioning & Heating,https://www.cool-air-tech.com/,info@cool-air-tech.com,,
Calif Heating and Air conditioning,http://califservice.com/,califservice.info@gmail.com,,
"Balanced Comfort Cooling, Heating & Plumbing",https://balancedcomfort.com/,info@balancedcomfort.com,,
"Temp Pro-Air Conditioning, Heating, & Refrigeration",http://www.fresnohvacrepair.com/,79baaa8e09c746d2b7401643b99792e0@sentry.wixpress.com,8c4075d5481d476e945486754f783364@sentry.io,
So Cal Plumbing Heating & Air Conditioning,https://socalphac.com/,socalconstruction1@yahoo.com,,
TOP AC Inc LA Air Conditioning Contractors,https://www.top-ac.com/,topacleads@gmail.com,mailtooffice@top-ac.com,
California Comfort HVAC,http://californiacomforthvac.com/,chriscacomfort@att.net,,
California A/C Heating Refrigeration,https://www.acandheatrepairs.com/,web@acandheatrepairs.com,,
Bay Area Climate Control,http://www.bayareaclimatecontrol.com/,info@bayareaclimatecontrol.com,,
Method HVAC Services,http://methodnorcal.com/,service@methodnorcal.com,,
One Hour Heating & Air Conditioning,https://www.onehourheatandair.com/southbay/?utm_source=GMB&utm_medium=organic&utm_campaign=gbp_main,ashtiani818@gmail.com,orang.demehry@onehourair.com,
"Energy Smart Engineering in Fresno, California",https://energysmartair.com/,info@energysmartfresno.com,,
San Diego Air Comfort Heating & Air Conditioning,https://sandiegoaircomfort.com/,info@aussiesheatingandair.com,,
Same Day Air Conditioning & Heating,http://www.hvacsanfrancisco.com/,info@samedayhvacservices.com,,
"American HVAC, Inc.",https://www.americanhvacinc.com/,info@americanhvacinc.com,,
Authority Heating & Air Conditioning,https://authorityheatingandair.com/,team@latofonts.com,authorityair@yahoo.com,
World HVAC Service,https://www.worldhvacservice.com/,worldhvacservice@gmail.com,,
Hella Comfort Heating & Air,http://www.hellacomfortair.com/,hellacomfort.air@gmail.com,,
Royalty Heating & Air,https://www.royaltyheatingair.com/?utm_source=google&utm_medium=organic&utm_campaign=gbp,service@royaltyheatingair.com,,
HVAC of Los Angeles,https://hvac-of-los-angeles.ueniweb.com/?utm_campaign=gmb,thelmachapma88@gmail.com,,
All Heating & Air Conditioning,http://www.allheatingandairconditioning.com/,upgradehomeservices@yahoo.com,,
Valley Air Pro Llc.,https://valleyairpro.com/,filler@godaddy.com,micah@micahrich.com,
Local HVAC Expert Services,http://local-hvac-expert.com/,info@local-hvac-expert.com,allmail.alliancehvac@homealliance.com,
AdamEck HVAC,https://www.adameckhvac.com/,adameckhvac@gmail.com,,
The Air Doctor - Heating and Air,http://www.theairdoctorheatingandair.com/,filler@godaddy.com,contact@sansoxygen.com,
All In Heating & Cooling,http://allinheatingandcooling.com/,office@allinheatingandcooling.com,,
Aloha Heating & Cooling,https://airataloha.com/,%20debbies1102@gmail.com,debbies1102@gmail.com,
Yourk Heating & Air Conditioning,https://yourkac.com/,info@yourkac.com,,
"North HVAC Services, Inc Heating & Air Conditioning",http://northhvacservices.com/,northhvacservices@gmail.com,,
HVAC San Diego King,https://topcoolingguys.com/,support@topcoolingguys.com,,
Sandium Heating and Air Conditioning,https://sandium.com/,you@company.com,office@sandium.com,
The HVAC Guys,https://www.the-hvacguys.com/,79baaa8e09c746d2b7401643b99792e0@sentry.wixpress.com,info@the-hvacguys.com,
AirZen AC,https://airzen.ac/,service@airzen.ac,,
Workingostrich,http://www.workingostrich.com/,hello@workingostrich.com,user@domain.com,
Workingclassmarketing,http://www.workingclassmarketing.com/,ross@workingclassmarketing.com,,
Workbox,http://www.workbox.com/,info@workbox.com,,
Wordtreecommunications,http://www.wordtreecommunications.com,allison@wordtreecommunications.com,,
Wordnerdservices,http://www.wordnerdservices.com/,info@wordnerdservices.com,,
Woodshackcreative,http://www.woodshackcreative.com,info@woodshackcreative.com,bfb679c754744c58a7374ee6e25cfc13@sentry.wixpress.com,
Wonderwebcreative,http://www.wonderwebcreative.com/,ramona@wonderwebdesignstudio.com,,
Woadigital,http://www.woadigital.com,contact@woadigital.com,,
Wmiworldwide,http://www.wmiworldwide.com,info@wmiworldwide.com,,
Wjg-Media,http://www.wjg-media.com,will@wjg-media.com,user@domain.com,
Wizbord,http://www.wizbord.com/,info@wizbord.com,,
Witandmind,http://www.witandmind.com/,info@witandmind.com,,
Wisconsincountrystaffing,https://www.wisconsincountrystaffing.com/,54b4aac306184111a223c0f4aea635c3@sentry.wixpress.com,8c4075d5481d476e945486754f783364@sentry.io,
Wireinnovation,http://www.wireinnovation.com/,sales@wireinnovation.com,,
Wiredmustang,http://www.wiredmustang.com,info@wiredmustang.com,anna@wiredmustang.com,
Wiredhivetech,http://www.wiredhivetech.com/,info@wiredhivetech.com,,
Wiredbrains,http://www.wiredbrains.io,support@wiredbrains.io,hello@wiredbrains.io,
Winterholben,http://www.winterholben.com/,info@winterholben.com,,
Winsbyinc,http://www.winsbyinc.com,info@winsbyinc.com,,
Wingsunlimited,http://www.wingsunlimited.net/,1eeb89147c984dc6bc3ffafd9e6cd089@sentry.wixpress.com,wings@wingsunlimited.net,
Winbigmedia,http://www.winbigmedia.com,8c4075d5481d476e945486754f783364@sentry.io,78f7996315bc402f9dcb8a2f974b82d1@sentry.wixpress.com,
Willreed,https://www.willreed.com/,partners@willreed.com,will@willreed.com,
Williamsmcbride,http://www.williamsmcbride.com/,masinfo@williamsmcbride.com,gimmeinfo@williamsmcbride.com,
Williamsmarston,http://www.williamsmarston.com,snudelman@williamsmarston.com,jon@williamsmarston.com,
Wildwoodstory,http://www.wildwoodstory.com,hello@wildwoodstory.com,,
Wildwomnhaus,http://www.wildwomnhaus.com/,tristan@wildwomanhaus.com,inquire@wildwomnhaus.com,
Wildmintmedia,http://www.wildmintmedia.com/,info@wildmintmedia.com,,
Wildmarketinggroup,http://www.wildmarketinggroup.com/,email@example.com,,
Wideout,https://www.wideout.com/,hello@wideout.com,5d1795a2db124a268f1e1bd88f503500@sentry.wixpress.com,
Widenetconsulting,http://www.widenetconsulting.com/,sales@widenetconsulting.com,,
Wickfire,http://www.wickfire.com/,contact@wickfire.com,,
Whyelevate,http://www.whyelevate.com,info@whyelevate.com,,
Whitewhaleweb,http://www.whitewhaleweb.com/,aaron@whitewhaleweb.com,,
Whitepeak,http://www.whitepeak.io/,growth@whitepeak.io,,
Whitefusion,http://www.whitefusion.studio/,hello@whitefusion.studio,,
Whitefoxcreative,http://www.whitefoxcreative.com/,kim@whitefoxcreative.com,info@whitefoxcreative.com,
Whitedotdesign,http://www.whitedotdesign.com/,team@latofonts.com,,
Whitebox,http://www.whitebox.marketing/,hello@whiteboxmarketing.com,,
Whiteboardps,http://www.whiteboardps.com/,info@whiteboardps.com,,
Wheelersp,http://www.wheelersp.com/,info@wheelersp.com,,
Whalar,http://www.whalar.com/,press@whalar.com,hello@whalar.com,
Westportone,https://www.westportone.com/,info@westportone.com,,
Westmountsearch,http://www.westmountsearch.com,andree@westmountsearch.com,user@domain.com,
Westemporia,http://www.westemporia.com/,info@westemporia.com,,
Wesselsdesign,http://www.wesselsdesign.com/,info@wesselsdesign.com,,
Werecruit-Us,http://www.werecruit-us.com/,fcarlomagno@werecruit-us.com,jsilva@werecruit-us.com,
Werbenhr,http://www.werbenhr.com/,contacto@werbencapitalhumano.com.ar,,
Wepala,http://www.wepala.com,info@wepala.com,,
Wellaware,http://www.wellaware.us/,supportsupport@wellaware.us,sales@wellaware.us,
Weidops,http://www.weidops.com/,support@weidops.com,,
Wecslabs,http://www.wecslabs.com,contact@wecslabs.com,,
Webzstore,http://www.webzstore.com/,project@webzstore.com,hello@webzstore.com,
Webtarimedia,http://www.webtarimedia.com/,satvik@webtarimedia.com,8c4075d5481d476e945486754f783364@sentry.io,
Webstract,http://www.webstract.com/,contact@webstract.com,,
Websiteshark,http://www.websiteshark.com/,79baaa8e09c746d2b7401643b99792e0@sentry.wixpress.com,78f7996315bc402f9dcb8a2f974b82d1@sentry.wixpress.com,
Websitecenter,http://www.websitecenter.com/,cindy@websitecenter.com,accounting@websitecenter.com,
Webninjaz,http://www.webninjaz.com/,info@webninjaz.com,,
Webmarket,http://www.webmarket.io/,info@webmarket.io,,
Webive,http://www.webive.com/,contact@webive.com,anton@webive.com,
Webintech,http://www.webintech.com,hello@webintech.com,,
Webgrowth,http://www.webgrowth.io/,info@webgrowth.io,noreply@webgrowth.io,
Webenomic,http://www.webenomic.com/,info@webenomic.com,,
Webdevelopmentdoneright,http://www.webdevelopmentdoneright.com/,contact@webddr.com,,
Webdetail,http://www.webdetail.com/,sales@webdetail.com,,
Webdesignshop,http://www.webdesignshop.us/,info@webdesignshop.us,charles@webdesignshop.us,
Webdesignpilot,http://www.webdesignpilot.com/,contact@webdesignpilot.com,,
Webdesigncodes,http://www.webdesigncodes.com/,chris@webdesigncodes.com,,
Webdesignatny,http://www.webdesignatny.com,info@webdesignatny.com,webdesignatny@gmail.com,
Webcreek,http://www.webcreek.com/,aingebrand@webcreek.com,info@webcreek.com,
Webchurn,http://www.webchurn.com/,alerts@webchurn.com,,
Webbuggs,http://www.webbuggs.com/,info@webbuggs.com,,
Webact,http://www.webact.com,support@webact.com,,
Web501,http://www.web501.com,info@web501.com,,
Web-Mo,http://www.web-mo.com/,info@web-mo.com,,
Wearewillful,http://www.wearewillful.agency,newbiz@wearewillful.agency,user@domain.com,
Wearewhitehat,http://www.wearewhitehat.com/,newbusiness@wearewhitehat.com,internships@wearewhitehat.com,
Wearevanish,http://www.wearevanish.com,hello@wearevanish.com,,
Wearetrueline,http://www.wearetrueline.com/,hello@wearetrueline.com,,
Wearetribu,http://www.wearetribu.com/,hello@wearetribu.com,,
Wearetmbr,http://www.wearetmbr.com/,info@wearetmbr.com,,
Wearethirdear,http://www.wearethirdear.com/,newbiz@wearethirdear.com,,
Wearetg,http://www.wearetg.com/,info@wearetg.com,,
Weareshop,http://www.weareshop.agency,info@weareshop.agency,,
Wearerounded,http://www.wearerounded.com,justin@wearerounded.com,info@wearerounded.com,
Wearepulse,http://www.wearepulse.com,hello@wearepulse.com,,
Weareparliament,http://www.weareparliament.com/,howdy@weareparliament.com,,
Weareorbis,https://weareorbis.com/,info@weareorbis.com,email@example.com,
Wearendm,http://www.wearendm.com,hello@wearendm.com,,
Weareignite,http://www.weareignite.group/,dave@weareignite.group,george@weareignite.group,
Wearehelmdigital,http://www.wearehelmdigital.com/,contact@wearehelmdigital.com,,
Wearefixel,http://www.wearefixel.com/,yourname@company.com,,
Weareenvoy,http://www.weareenvoy.com,hello@weareenvoy.com,media@weareenvoy.com,
Wearedeux,http://www.wearedeux.com,hello@wearedeux.com,,
Wearecsg,http://www.wearecsg.com,talktous@wearecsg.com,,
Wearecolossus,http://www.wearecolossus.com,jon@wearecolossus.com,user@domain.com,
Wearebill,http://www.wearebill.com,scott@wearebill.com,,
Wearebathtubgin,http://www.wearebathtubgin.com,bartender@bathtubgincreative.com,bartender@wearebathtubgin.com,
Weare5050,http://www.weare5050.com/,jason@weare5050.com,laura@weare5050.com,
We-Branding,http://www.we-branding.com,job@we-branding.com,info@we-branding.com,
Wdesignboise,http://www.wdesignboise.com,kristy@wdesignboise.com,user@domain.com,
Wdbmarketing,http://www.wdbmarketing.com,orders@wdbmarketing.com,,
Wccit,http://www.wccit.com,sales@wccit.com,,
Waypointwriting,http://www.waypointwriting.com,amanda@waypointwriting.com,,
Wayoutvisual,http://www.wayoutvisual.co,hello@wayoutvisual.co,pl@wayoutvisual.co,
Waverlytechnology,http://www.waverlytechnology.com/,jeanette@waverlytechnology.com,,
Waverleysoftware,http://www.waverleysoftware.com/,info@waverleysoftware.com,,
Washtone,http://www.washtone.com,support@washtone.com,,
Warehouse21,http://www.warehouse21.com/,info@warehouse21.com,18d2f96d279149989b95faf0a4b41882@sentry-next.wixpress.com,
Wandr,http://www.wandr.studio/,hello@wandr.studio,,
Wander,http://www.wander.com/,press@wander.com,hello@wander.com,
Wanddigital,http://www.wanddigital.com/,info@wanddigital.com,info@wandcorp.com,
Wakecreative,http://www.wakecreative.com/,contact@wakecreative.com,,
Wafisherinteractive,http://www.wafisherinteractive.com/,info@wafishermn.com,,
W3Global,https://www.w3global.com/,info@w3global.com,,
Vye,http://www.vye.agency/,info@vye.agency,,
Vupmedia,http://www.vupmedia.com,info@vupmedia.com,,
Vulcanconsulting,http://www.vulcanconsulting.com,605a7baede844d278b89dc95ae0a9123@sentry-next.wixpress.com,2062d0a4929b45348643784b5cb39c36@sentry.wixpress.com,
Vudumarketing,http://www.vudumarketing.com/,info@vudumarketing.com,,
Vtwebmarketing,http://www.vtwebmarketing.com/,info@www.vtwebmarketing.com,info@vtwebmarketing.com,
Vsearchgroup,https://vsearchgroup.com/,admin@vsearchgroup.com,user@domain.com,
Vreeland,http://www.vreeland.com/,contact@vreeland.com,,
Vpartners,http://www.vpartners.com/,info@vpartners.com,,
Voxxymarketing,http://www.voxxymarketing.com/,sales@voxxymarketing.com,,
Voxcreativeinc,http://www.voxcreativeinc.com/,hello@voxcreativeinc.com,dan@voxcreativeinc.com,
Voomboom,http://www.voomboom.com/,connect@voomboom.com,,
Vonnda,http://www.vonnda.com/,hello@vonnda.com,,
Vmgroupe,http://www.vmgroupe.com,careers@vmgroupe.com,newbusiness@vmgroupe.com,
Vivus,http://www.vivus.tech/,info@vivus.tech,,
Visualmax,http://www.visualmax.com/,feedback@visualmax.com,,
Visualhouse,http://www.visualhouse.com,hello@visualhouse.co,projects@visualhouse.com,
Visiumresources,https://www.visiumresources.com/,info@visiumresources.com,,
Visionsfirst,http://www.visionsfirst.com/,general@visionsfirst.com,user@domain.com,
Visionmix,http://www.visionmix.com/,snagy@visionmix.com,user@domain.com,
Visionmarkusa,http://www.visionmarkusa.com,hello@visionmarkusa.com,,
Visionforcemarketing,http://www.visionforcemarketing.com,info@visionforcemarketing.com,,
Visioneerit,http://www.visioneerit.com,hello@visioneerit.com,email@example.com,
Visiondesigngroup,http://www.visiondesigngroup.com,info@visiondesigngroup.com,user@domain.com,
Visionation,http://www.visionation.us,271e9fa3230b4eec94b02bf95780f5f2@sentry.wixpress.com,605a7baede844d278b89dc95ae0a9123@sentry-next.wixpress.com,
Visartech,http://www.visartech.com/,info@visartech.com,,
Virtuallatinos,https://www.virtuallatinos.com/,info@virtuallatinos.com,,
Virtualbench,http://www.virtualbench.net/,info@virtualbench.net,,
Vintti,https://vintti.com/,partnerships@vintti.com,info@vintti.com,
Vincit,http://www.vincit.com,info@vincit.com,careers@vincit.com,
Vimarc,http://www.vimarc.com,user@domain.com,digital@vimarc.com,
Vilocity,http://www.vilocity.com,info@vilocity.com,,
Villadistrategies214,http://www.villadistrategies214.com/,team@latofonts.com,impallari@gmail.com,
Vikua,http://www.vikua.com/,contacto@vikua.com,,
Viget,http://www.viget.com,hello@viget.com,publicity@viget.com,
Vie,http://www.vie.media/,hello@vie.media,,
Vidagroupintl,http://www.vidagroupintl.com/,info@vidagroupintl.com,,
Viaoneservices,https://viaoneservices.com/,info@viaoneservices.com,,
Viamarketing,http://www.viamarketing.net/,hr@viamarketing.net,,
Veteranmediagroup,http://www.veteranmediagroup.com,projects@veteranmediagroup.com,,
Vesselstrategy,http://www.vesselstrategy.com,contact@vesselstrategy.com,user@domain.com,
Vesseldm,http://www.vesseldm.com/,billing@vesseldm.com,info@vesseldm.com,
Vesahealth,http://www.vesahealth.com/,info@vesahealth.com,,
Verusdesign,http://www.verusdesign.org,rv@verusdesign.org,dv@verusdesign.org,
Verticaldigital,http://www.verticaldigital.ca/,info@verticaldigital.ca,,
Versique,https://www.versique.com/,info@versique.com,,
Verndale,http://www.verndale.com,awareweb.com@buycodeshop.com,verndalecorp.com@buycodeshop.com,
Vermilion,http://www.vermilion.com,hello@vermilion.com,,
Veridianns,http://www.veridianns.com/,info@veridianns.com,,
Verbmarketingpr,http://www.verbmarketingpr.com/,info@verbmarketingpr.com,user@domain.com,
Veprof,http://www.veprof.com/,info@veprof.com,,
Venzmedia,http://www.venzmedia.com,info@venzmedia.com,,
Ventrum,https://www.ventrum.com/,enigmainhell@yahoo.com,,
California Air Conditioning Systems,https://www.californiaac.com/preventativemaintenance.php,,,https://www.facebook.com/CaliforniaAirConditioning/
"California Heating and Cooling, Inc.",https://www.californiahc.com/,,,https://www.facebook.com/profile.php?id=100054431982688
NexGen HVAC & Plumbing,https://nexgenairandplumbing.com/locations/anaheim/?utm_campaign=gmb-listing-anaheim&utm_source=google&utm_medium=organic,,,https://www.facebook.com/NexgenAC/
California Heat Air Conditioning,http://californiaheatac.com/,,,
American AC Heat Plumbing,https://americanairconditioning.com/?utm_source=google&utm_medium=organic&utm_campaign=google-business-profile&utm_content=website,,,https://www.facebook.com/AmericanAirConditioningHeating/
California HVAC,http://californiahvac.net/,,,
ARMS Air Conditioning And Heating,https://www.armsac.com/,,,https://www.facebook.com/profile.php?id=100090073910746
Performance Based Heating And Air,https://performancebasedheatingandair.com/contact-us/,,,https://www.facebook.com/PerformanceBasedHeatingAndAir
"Lee's Air, Plumbing, & Heating",https://leesair.com/,,,https://www.facebook.com/leesairplumbingroofing
Air Blue HVAC,https://airblueoc.com/,,,https://www.facebook.com/HVAC-Heating-and-Airconditioning-103442001299562/
"Sierra Pacific Home & Comfort, Inc.",https://www.sierrapacifichome.com/?utm_source=gbp&utm_medium=organic,,,https://www.facebook.com/SierraPacific/
California Mechanical Heating and Air Inc,http://californiamech.com/,,,
Service Champions Heating & Air Conditioning,https://www.servicechampions.net/cities-we-serve/martinez-hvac?utm_source=gbp&utm_medium=organic&utm_campaign=MZ_GBP,,,https://www.facebook.com/servicechampionsN
Jaguar Heating & Air,https://www.jaguarheatingandair.com/,,,https://www.facebook.com/plugins/page.php?href=https%3A%2F%2Fwww.facebook.com%2FJaguarHeatingandAir%2F&tabs=timeline%2Cevents%2Cmessages&width=320&height=500&small_header=true&adapt_container_width=true&hide_cover=false&show_facepile=true&appId
"Hassler Heating and Air Conditioning, LLC",https://www.hasslerheating.com/?utm_source=GMB&utm_medium=organic&utm_campaign=GMBsite,,,https://www.facebook.com/HasslerHeating
Kahn Air Conditioning,https://www.kahnair.com/?utm_source=GMB&utm_medium=organic,,,https://www.facebook.com/KahnAir
California Comfort Heating & Air Conditioning,https://comfortheatandair.com/,,,
Honey's Air & Solar,https://honeysair.com/,,,
Clean Air HVAC INC,https://www.cahvac.com/,,,https://www.facebook.com/cahvac/
Service Champions Heating & Air Conditioning,https://www.servicechampions.net/cities-we-serve/san-jose-hvac?utm_source=gbp&utm_medium=organic&utm_campaign=SJ_GBP,,,https://www.facebook.com/servicechampionsN
Air Tech 24 Heating and Air Conditioning,https://airtech24.com/,,,https://facebook.com/AirTech24HVAC/
"Altamont Heating and Cooling, Inc.",http://www.altamontheatingandcooling.com/,,,
Cooling & Heating Repair,https://coolingandheat.com/,,,https://www.facebook.com/coolingandheatingrepair/
Aire Serv of The Gold Country,https://www.aireserv.com/gold-country/?cid=LSTL_ASV-US000187&utm_source=gmb&utm_campaign=local&utm_medium=organic,,,
California Express Heating And Air,https://www.californiaexpressha.com/,,,
Southern California Air Conditioning Supply Co.,http://www.socalac.com/,,,
1 Call Heating & Air,http://1callac.com/,,,https://www.facebook.com/101903768380360/reviews
Same Day Air Conditioning & Heating,http://www.samedayhvacsunnyvale.com/,,,
San Jose Heating & Cooling,https://sanjoseheatandcooling.com/,,,https://www.facebook.com/people/San-Jose-Heating-Cooling/100069535011836/
Economy HVAC INC,https://economyhvac.net/,,,
LC Heating & Air Conditioning,https://lahvaclc.com/,,,
Fresh Air Conditioning & Heating,https://freshairconditioningheating.com/,,,
Coaches HVAC ExtraordinAIR,http://www.coacheshvac.com/,,,
California Energy Services,https://cespro.net/,,,https://www.facebook.com/calenergy/
HVAC Contractor - American Cool and Heat,https://americancoolandheat.com/,,,https://www.facebook.com/AmericanCoolandHeat/
CaliforniAir Heating and Air Conditioning,https://californiairheatingandac.com/,,,
HVAC Cupertino California,https://www.hvaccupertino.com/,,,
Pacific Heating & Air Conditioning,https://airconditioningrepairqueens.com/,,,
Cal-Air Heating & Cooling,http://www.cal-air.com/,,,
Big Air Heating & Air Conditioning,https://www.bigairheatac.com/,,,
Price Air HVAC,http://www.priceairhvac.com/,,,
American Air Cooling & Heating,http://www.acservicenyc.com/,,,
Universal Heating & Air,https://universalhvaclosangeles.com/,,,https://www.facebook.com/universalheatingandairLA/
"A/C Control, Inc",https://ac-control.com/?id=maps,,,https://www.facebook.com/ACControlInc
LA CONSTRUCTION HEATING AND AIR,https://www.laheatingairconditioning.com/,,,https://www.facebook.com/laconstructionheatingandair/
Connolly Heating and Air Conditioning,https://www.connollyhvac.com/,,,https://www.facebook.com/connolly.hvac/
Evergreen Air Hvac,http://evergreenairhvac.com/,,,
Connolly Heating and Air Conditioning,https://www.connollyhvac.com/,,,https://www.facebook.com/connolly.hvac/
Atlas Heating and Air Conditioning,http://www.atlasheating.com/,,,https://www.facebook.com/atlasheating/
California Heating,https://www.caheat.com/?utm_source=google&utm_medium=organic&utm_campaign=gbp,,,https://www.facebook.com/caheathumboldt
Hawk Heating & Air Conditioning,https://www.hawkair.org/,,,
DG Heating & Air Conditioning,https://www.dgheatingandair.com/,,,https://www.facebook.com/pages/category/Heating--Ventilating---Air-Conditioning-Service/DG-Heating-and-Air-Conditioning-Inc-151018588302209/
Hot & Cold HVAC,https://www.hotcoldhvac.com/,,,https://www.facebook.com/profile.php?id=100083189714076
"DEGREE HVAC, Inc.",https://degreehvac.com/,,,https://www.facebook.com/DegreeHVACInc
HVAC Palo Alto California,https://www.hvacpaloaltoca.com/,,,
R S Heating and Cooling,https://www.rsheatingcoolingfresno.com/,,,https://www.facebook.com/RSHeatingNCooling/
Workingnotworking,https://workingnotworking.com/,,,https://www.linkedin.com/company/working-not-working
Workhorsemkt,http://www.workhorsemkt.com/,,,https://www.facebook.com/BuiltByWorkhorse/
Workforcewise,http://www.workforcewise.co/,,,https://www.linkedin.com/company/workforcewise
Workcog,http://www.workcog.com/,,,
Woodridgesoftware,http://www.woodridgesoftware.com,,,
Woodpersonnel,https://www.woodpersonnel.com/,,,https://www.facebook.com/tr?id=1271855092827288&ev=PageView&noscript=1
Woodcoconsulting,http://www.woodcoconsulting.com,,,https://www.facebook.com/people/Wood-Co-Consulting/61564681172094/
Woodandcompany,http://www.woodandcompany.com/,,,https://www.facebook.com/WoodandCompany
Wonderkindco,http://www.wonderkindco.co/,,,https://www.linkedin.com/company/wonderkind-co/
Wonderboycreative,http://www.wonderboycreative.com/,,,
Womenscyberjutsu,http://www.womenscyberjutsu.org/,,,
Wolfmedia,http://www.wolfmedia.us/,,,
Wlcr,http://www.wlcr.io/,,,https://www.facebook.com/WLCR.io/
Wizewebz,http://www.wizewebz.com/,,,
Wittobriens,http://www.wittobriens.com/,,,https://www.facebook.com/ambiparresponse.wittobriens
Wittkieffer,https://wittkieffer.com/contact,,,
Witdelivers,http://www.witdelivers.com,,,"https://www.facebook.com/tr?id=783441542465058&ev=PageView
&noscript=1"
Wiseskulls,https://www.wiseskulls.com/,,,
Wisemen,http://www.wisemen.com/,,,
Windmillstrategy,http://www.windmillstrategy.com/,,,https://www.facebook.com/windmillstrategy/
Wilsonassociates,http://www.wilsonassociates.com/,,,
Wilsonart,http://www.wilsonart.com/,,,https://www.facebook.com/Wilsonart
Willowmarketing,http://www.willowmarketing.com/,,,
Wildfirecreative,http://www.wildfirecreative.studio/,,,https://www.facebook.com/wildfirecreativene
Wildebee,http://www.wildebee.st/,,,
Wigwamcreative,http://www.wigwamcreative.com,,,https://www.facebook.com/WigwamColorado
Wickcreative,http://www.wickcreative.com,,,
Whostaffing,https://www.whostaffing.com/,,,http://www.facebook.com/2008/fbml
Whiteunicornagency,http://www.whiteunicornagency.com/,,,https://www.facebook.com/whiteunicornagency/
Whistlerpartners,https://www.whistlerpartners.com/home-page,,,https://www.linkedin.com/company/whistler-partners
Whippetcreative,http://www.whippetcreative.com/,,,https://www.facebook.com/pages/Whippet-Creative/163852066974864
Whimsocial,http://www.whimsocial.com,,,https://www.facebook.com/Whimsocial
Whereoware,http://www.whereoware.com/,,,https://www.linkedin.com/company/whereoware
Wheeltosea,http://www.wheeltosea.com/,,,https://www.linkedin.com/in/williammint/
Whatarmy,http://www.whatarmy.com,,,
Westagilelabs,http://www.westagilelabs.com/,,,
Wessan,http://www.wessan.com/,,,
Wesolvemarketing,http://www.wesolvemarketing.com,,,
Werremeyer,http://www.werremeyer.com/,,,https://www.facebook.com/WeAreWerremeyer
Wendylewisco,http://www.wendylewisco.com,,,https://www.facebook.com/WendyLewisCoLtd/
Welovesalt,http://www.welovesalt.com/,,,https://www.facebook.com/welovesalt
Welltold,http://www.welltold.co/,,,
Wellostudio,http://www.wellostudio.com/,,,
Welchsign,http://www.welchsign.com/,,,
Wehiresolutions,https://wehiresolutions.com/,,,
Webvolta,http://www.webvolta.com/,,,https://www.facebook.com/webvolta
Webuildbridges,http://www.webuildbridges.co/,,,https://www.linkedin.com/company/webuildbridges/
Websterdigitalmarketing,http://www.websterdigitalmarketing.com/,,,http://www.facebook.com/WebsterDigital
Websitesthatworkusa,http://www.websitesthatworkusa.com,,,
Websitedesignerdenver,http://www.websitedesignerdenver.com,,,
Websightdesign,http://www.websightdesign.com/,,,https://www.facebook.com/websightdesign
Webhorizonsgroup,http://www.webhorizonsgroup.com/,,,
Webfor,http://www.webfor.com,,,https://www.facebook.com/webfor
Webenertia,http://www.webenertia.com/,,,https://www.facebook.com/cleardigitalinc
Webdesignexperts,http://www.webdesignexperts.net/,,,https://facebook.com/782887621838415/reviews
Webdesigner,http://www.webdesigner.domains/,,,
Webbzie,http://www.webbzie.com/,,,
Webbytemedia,http://www.webbytemedia.com,,,https://www.facebook.com/webbytemedia/
Webbycentral,http://www.webbycentral.com,,,https://www.facebook.com/webbycentral
Webatberkeley,http://www.webatberkeley.org/,,,
Weavy,http://www.weavy.com/,,,https://www.linkedin.com/company/weavy
Wearegenuine,http://www.wearegenuine.com,,,https://www.linkedin.com/company/genuine-interactive/
Wearegenessee,http://www.wearegenessee.com,,,https://www.linkedin.com/company/genessee-llc
Wearefka,http://www.wearefka.com,,,
Wearecoop,http://www.wearecoop.ca,,,
Wearecodesign,http://www.wearecodesign.com/,,,https://www.facebook.com/wearecodesign/
Weareaspire,http://www.weareaspire.com/,,,https://www.facebook.com/weareaspirerecruitment
Wdgcolorado,http://www.wdgcolorado.com,,,
Wdevs,http://www.wdevs.com,,,
Wcmssolutions,http://www.wcmssolutions.com,,,
Waypointcreative,http://www.waypointcreative.com/,,,https://www.facebook.com/waypointcreativellc
Waxcreek,http://www.waxcreek.com,,,
Watson,http://www.watson.la/,,,
Warrendouglas,http://www.warrendouglas.com/,,,
Wapiti,http://www.wapiti.digital/,,,https://www.facebook.com/wapiti.ecommerce
Wallyhood,http://www.wallyhood.com/,,,
Walkersands,http://www.walkersands.com,,,https://www.linkedin.com/company/walker-sands/
Walker-Assoc,http://www.walker-assoc.com/,,,
Wacom,http://www.wacom.com/,,,https://www.facebook.com/wacomsea/
Vulair,http://www.vulair.com/,,,
Vukmultimedia,http://www.vukmultimedia.com/,,,https://www.facebook.com/vukmultimedia/
Voxpopmarketing,http://www.voxpopmarketing.com/,,,https://www.facebook.com/voxpopmkt/
Voxdigitalmarketing,http://www.voxdigitalmarketing.com/,,,https://www.facebook.com/voxdigitalmarketing
Voryx,http://www.voryx.net/,,,
Volusion,http://www.volusion.com/,,,
Volt,http://www.volt.com/,,,
Volanosoftware,http://www.volanosoftware.com/,,,
Vogliomarketing,http://www.vogliomarketing.com/,,,https://www.facebook.com/tr?id=652458173050244&ev=PageView&noscript=1
Vococreative,http://www.vococreative.com,,,https://www.facebook.com/gravitygloballtd
Vm305,http://www.vm305.com,,,
Vizwerks,http://www.vizwerks.com/,,,
Vizion,http://www.vizion.com,,,https://www.facebook.com/VizionInteractive/
Vivifimedia,http://www.vivifimedia.com,,,
Vividresourcing,https://vividresourcing.com/,,,https://www.linkedin.com/company/vivid-resourcing-ltd/
Vividmktg,http://www.vividmktg.com,,,
Vividimpact,http://www.vividimpact.com,,,
Vividimagination,http://www.vividimagination.studio,,,https://www.facebook.com/vividcontent/
Vitaminisgood,http://www.vitaminisgood.com,,,https://www.facebook.com/vitaminisgood
Vitalstorm,http://www.vitalstorm.com/,,,https://www.facebook.com/VitalStorm/
Visual-Input,http://www.visual-input.com,,,
Visionsearchpartners,http://www.visionsearchpartners.com/,,,https://www.linkedin.com/company/visionsearchpartners/about/
Virtualwarein,http://www.virtualwarein.com/,,,
Virtualvision,http://www.virtualvision.com,,,
Virtualassistanttalent,http://www.virtualassistanttalent.com/,,,
Virayo,http://www.virayo.com/,,,https://www.linkedin.com/company/virayo/
Vip-Staffing,http://www.vip-staffing.com/,,,https://www.facebook.com/vipstaffing
Vintagemarketing,http://www.vintagemarketing.com/,,,
Vinesbrookshire,http://www.vinesbrookshire.com/,,,
Vimerseit,http://www.vimerseit.com/,,,
Vikingcoders,http://www.vikingcoders.com/,,,https://www.facebook.com/vikingcoders
Videonarrative,http://www.videonarrative.com/,,,https://www.facebook.com/videonarrative/
Victormarketing,http://www.victormarketing.com/,,,
Via,http://www.via.studio,,,https://www.linkedin.com/company/via-studio/
Vfairs,http://www.vfairs.com/,,,https://facebook.com/vfairs
Vextras,http://www.vextras.com/,,,https://www.facebook.com/vextras/
Vethgroup,http://www.vethgroup.com/,,,
Veteransemployment,http://www.veteransemployment.net/,,,
Vertical,http://www.vertical.is/,,,
Vertekstaffing,https://www.vertekstaffing.com/,,,https://www.linkedin.com/company/vertek-solutions-inc./
Versaconsultinggroup,http://www.versaconsultinggroup.com/,,,
Veritasrecruitinggroup,http://www.veritasrecruitinggroup.com/,,,https://www.facebook.com/VeritasRecruiting/
Venturi-Group,https://www.venturi-group.com/,,,
Venturetechllc,http://www.venturetechllc.com/,,,
Venturedive,http://www.venturedive.com/,,,https://www.facebook.com/VentureDiveLtd/
Venturecreativestudios,http://www.venturecreativestudios.com/,,,
Venteon,http://www.venteon.com,,,https://www.facebook.com/Venteon 
Vensatechnologies,http://www.vensatechnologies.com,,,
